object;tag
2760;tymczasowe
3843;Sauna
3843;Łaźnia
3935;Sauna
3935;Łaźnia
11264;Zdarzenia
11265;Zdarzenia
4355;ARR
4356;ARR
4392;Słońce
4392;ARR
4393;Słońce
4393;ARR
11271;All_pwr
11272;All_pwr
11273;All_pwr
11275;F0_pwr
11276;F0_pwr
11277;F0_pwr
11278;F0_pwr
11279;F0_pwr
11280;F0_pwr
11281;F0_pwr
11282;F0_pwr
11283;F0_pwr
11284;F1_pwr
11285;F1_pwr
11286;F1_pwr
11287;F1_pwr
11288;F1_pwr
11290;F1_pwr
11291;F1_pwr
11292;F1_pwr
11293;F1_pwr
11294;F1_pwr
11295;F1_pwr
11296;F01_pwr
11297;F01_pwr
11298;F01_pwr
11300;F01_pwr
11301;F01_pwr
11302;F01_pwr
11303;F01_pwr
11304;F01_pwr
11305;F01_pwr
7208;R0.6_pwr
4357;ARR
14442;Kuchnia_rolety_naOknach_avg
14452;Kuchnia_rolety_naOknach_avg
14462;Kuchnia_rolety_naOknach_avg
14472;Kuchnia_rolety_naOknach_avg
14502;Jadalnia_Rn_przyKuchni_avg
14512;Jadalnia_Rn_przyKuchni_avg
14522;Jadalnia_Rn_przyKuchni_avg
14608;Jadalnia_Rn_przyDrzewie_avg
14618;Jadalnia_Rn_przyDrzewie_avg
14340;Jadalnia_Rn_przyKuchniIDrzewie_avg
14341;Jadalnia_Rn_przyKuchniIDrzewie_avg
14798;Muzyczny_Z_okna_avg
14808;Muzyczny_Z_okna_avg
14748;Sypialnia_F_avg
14768;Sypialnia_F_avg
14758;Sypialnia_Z_avg
14778;Sypialnia_Z_avg
14532;Jadalnia_Rn_przyKuchni_avg
14542;Jadalnia_Rn_przyKuchni_avg
14552;Jadalnia_Rn_przyKuchni_avg
14562;Jadalnia_Rn_przyKuchni_avg
14572;Jadalnia_Rn_przyKuchni_avg
14363;Gabinet_Sz_Rp_ms_or
14373;Gabinet_Sz_Rp_ms_or
14383;Gabinet_Sz_Rp_ms_or
14393;Gabinet_Sz_Rnp_ms_or
14403;Gabinet_Sz_Rnp_ms_or
14413;Gabinet_Sz_Rnp_ms_or
14649;Salon_G_R_ms_or
14659;Salon_G_R_ms_or
14669;Salon_G_R_ms_or
14503;Jadalnia_Rnp_Kuchnia_ms_or
14513;Jadalnia_Rnp_Kuchnia_ms_or
14523;Jadalnia_Rnp_Kuchnia_ms_or
14543;Jadalnia_Rnp_Kuchnia_ms_or
14563;Jadalnia_Rnp_Kuchnia_ms_or
14573;Jadalnia_Rnp_Kuchnia_ms_or
14599;Jadalnia_Rnp_drzewo_ms_or
14609;Jadalnia_Rnp_drzewo_ms_or
14619;Jadalnia_Rnp_drzewo_ms_or
14749;Sypialnia_F_ms_or
14769;Sypialnia_F_ms_or
14759;Sypialnia_Z_ms_or
14779;Sypialnia_Z_ms_or
14699;Gabinet_P_Rnp_ms_or
14709;Gabinet_P_Rnp_ms_or
14719;Gabinet_P_Rnp_ms_or
14799;Muzyczny_Ż_okna_ms_or
14809;Muzyczny_Ż_okna_ms_or
14433;Kuchnia_Rnp_okna_ms_or
14443;Kuchnia_Rnp_okna_ms_or
14453;Kuchnia_Rnp_okna_ms_or
14463;Kuchnia_Rnp_okna_ms_or
14473;Kuchnia_Rnp_okna_ms_or
14392;Gabinet_Sz_Rnp_avg
14402;Gabinet_Sz_Rnp_avg
14412;Gabinet_Sz_Rnp_avg
6162;Osw_liczba_sum
6191;Osw_liczba_sum
6451;Osw_liczba_sum
6452;Osw_liczba_sum
6668;R01.2_pwr
6668;Osw_liczba_sum
6912;R1.12_pwr
6656;Piwnica_status
6666;Piwnica_status
6671;Piwnica_status
6677;Piwnica_status
6678;R01.6_pwr
6678;Piwnica_status
6679;R01.7_pwr
6679;Piwnica_status
6684;Piwnica_status
6148;Parter_status
6174;Parter_status
6181;Parter_status
6186;Parter_status
6193;Parter_status
6194;Parter_status
6195;Parter_status
6403;Piętro_status
6411;Piętro_status
6418;Piętro_status
6429;Piętro_status
6431;Piętro_status
6438;Piętro_status
6442;Piętro_status
6448;Piętro_status
6453;R1.5_pwr
6453;Piętro_status
6457;Piętro_status
6685;Osw_Dom_status
6196;Osw_Dom_status
6458;Osw_Dom_status
6941;Osw_Zewn_status
6942;Osw_Zewn_status
6952;Osw_Zewn_status
6957;Osw_Zewn_status
6958;Osw_Zewn_status
656;Satel
657;Satel
658;Satel
659;Satel
660;Satel
661;Satel
662;Satel
663;Satel
680;Satel
681;Satel
682;Satel
683;Satel
684;Satel
685;Satel
686;Satel
687;Satel
688;Satel
689;Satel
690;Satel
691;Satel
692;Satel
693;Satel
694;Satel
695;Satel
696;Satel
697;Satel
698;Satel
699;Satel
700;Satel
701;Satel
702;Satel
703;Satel
704;Satel
705;Satel
706;Satel
707;Satel
708;Satel
709;Satel
710;Satel
711;Satel
712;Satel
713;Satel
714;Satel
715;Satel
716;Satel
717;Satel
718;Satel
719;Satel
720;Satel
721;Satel
722;Satel
723;Satel
724;Satel
725;Satel
726;Satel
727;Satel
728;Satel
729;Satel
730;Satel
731;Satel
732;Satel
733;Satel
734;Satel
735;Satel
736;Satel
737;Satel
738;Satel
739;Satel
740;Satel
741;Satel
742;Satel
743;Satel
744;Satel
745;Satel
746;Satel
747;Satel
748;Satel
749;Satel
750;Satel
751;Satel
752;Satel
753;Satel
754;Satel
755;Satel
756;Satel
757;Satel
759;Satel
758;Satel
632;Satel
633;Satel
634;Satel
635;Satel
636;Satel
637;Satel
638;Satel
639;Satel
640;Satel
641;Satel
642;Satel
643;Satel
644;Satel
645;Satel
646;Satel
647;Satel
654;Satel
655;Satel
764;Satel
765;Satel
766;Satel
763;Satel
761;Satel
760;Satel
653;Satel
652;Satel
651;Satel
649;Satel
648;Satel
767;Satel
780;Satel
781;Satel
782;Satel
783;Satel
791;Satel
792;Satel
793;Satel
794;Satel
795;Satel
799;Satel
800;Satel
801;Satel
802;Satel
803;Satel
804;Satel
805;Satel
806;Satel
807;Satel
808;Satel
809;Satel
810;Satel
811;Satel
812;Satel
813;Satel
814;Satel
815;Satel
816;Satel
817;Satel
818;Satel
819;Satel
820;Satel
821;Satel
822;Satel
823;Satel
824;Satel
825;Satel
826;Satel
827;Satel
828;Satel
829;Satel
830;Satel
831;Satel
832;Satel
833;Satel
834;Satel
835;Satel
836;Satel
837;Satel
838;Satel
839;Satel
840;Satel
841;Satel
842;Satel
843;Satel
844;Satel
845;Satel
846;Satel
847;Satel
848;Satel
849;Satel
850;Satel
851;Satel
852;Satel
853;Satel
854;Satel
855;Satel
856;Satel
857;Satel
858;Satel
859;Satel
860;Satel
861;Satel
862;Satel
863;Satel
864;Satel
865;Satel
866;Satel
867;Satel
868;Satel
869;Satel
870;Satel
871;Satel
872;Satel
873;Satel
874;Satel
875;Satel
876;Satel
877;Satel
878;Satel
879;Satel
880;Satel
881;Satel
882;Satel
883;Satel
884;Satel
885;Satel
886;Satel
887;Satel
888;Satel
889;Satel
890;Satel
891;Satel
892;Satel
893;Satel
894;Satel
895;Satel
896;Satel
897;Satel
898;Satel
899;Satel
900;Satel
901;Satel
902;Satel
903;Satel
904;Satel
905;Satel
906;Satel
907;Satel
908;Satel
909;Satel
910;Satel
911;Satel
912;Satel
913;Satel
914;Satel
915;Satel
916;Satel
917;Satel
918;Satel
919;Satel
920;Satel
921;Satel
922;Satel
923;Satel
924;Satel
925;Satel
926;Satel
927;Satel
928;Satel
929;Satel
930;Satel
931;Satel
932;Satel
933;Satel
934;Satel
935;Satel
936;Satel
937;Satel
938;Satel
939;Satel
940;Satel
941;Satel
942;Satel
943;Satel
944;Satel
945;Satel
946;Satel
947;Satel
948;Satel
949;Satel
950;Satel
951;Satel
952;Satel
953;Satel
954;Satel
955;Satel
956;Satel
957;Satel
958;Satel
959;Satel
960;Satel
961;Satel
962;Satel
963;Satel
964;Satel
965;Satel
966;Satel
967;Satel
968;Satel
969;Satel
970;Satel
971;Satel
972;Satel
973;Satel
974;Satel
975;Satel
976;Satel
977;Satel
978;Satel
979;Satel
980;Satel
981;Satel
982;Satel
983;Satel
984;Satel
985;Satel
986;Satel
987;Satel
988;Satel
989;Satel
990;Satel
991;Satel
992;Satel
993;Satel
994;Satel
995;Satel
996;Satel
997;Satel
998;Satel
999;Satel
1000;Satel
1001;Satel
1002;Satel
1003;Satel
1004;Satel
1005;Satel
1006;Satel
1007;Satel
1008;Satel
1009;Satel
1010;Satel
1011;Satel
1012;Satel
1013;Satel
1014;Satel
1015;Satel
1016;Satel
1017;Satel
1018;Satel
1019;Satel
1020;Satel
1021;Satel
1022;Satel
1023;Satel
768;Satel
772;Satel
773;Satel
774;Satel
775;Satel
776;Satel
777;Satel
778;Satel
779;Satel
787;Satel
788;Satel
789;Satel
790;Satel
797;Satel
798;Satel
796;Satel
786;Satel
785;Satel
784;Satel
769;Satel
770;Satel
771;Satel
91;Satel
90;Satel
513;Satel
514;Satel
515;Satel
516;Satel
517;Satel
518;Satel
519;Satel
520;Satel
521;Satel
522;Satel
523;Satel
524;Satel
525;Satel
526;Satel
536;Satel
537;Satel
538;Satel
539;Satel
540;Satel
541;Satel
556;Satel
559;Satel
567;Satel
568;Satel
570;Satel
571;Satel
573;Satel
574;Satel
575;Satel
576;Satel
577;Satel
578;Satel
579;Satel
580;Satel
581;Satel
582;Satel
583;Satel
584;Satel
585;Satel
586;Satel
587;Satel
588;Satel
589;Satel
590;Satel
591;Satel
592;Satel
593;Satel
600;Satel
602;Satel
609;Satel
610;Satel
594;Satel
595;Satel
596;Satel
597;Satel
598;Satel
599;Satel
601;Satel
603;Satel
604;Satel
605;Satel
606;Satel
607;Satel
615;Satel
616;Satel
617;Satel
618;Satel
619;Satel
620;Satel
621;Satel
622;Satel
623;Satel
624;Satel
625;Satel
626;Satel
627;Satel
628;Satel
629;Satel
630;Satel
631;Satel
527;Satel
555;Satel
557;Satel
558;Satel
563;Satel
566;Satel
3427;Satel
3451;Satel
6927;Osw_liczba_sum
6663;R01.1_pwr
6663;Osw_liczba_sum
6665;R01.1_pwr
6665;Osw_liczba_sum
6667;R01.2_pwr
6667;Osw_liczba_sum
6669;R01.2_pwr
6669;Osw_liczba_sum
6672;R01.2_pwr
6672;Osw_liczba_sum
6674;R01.3_pwr
6674;Osw_liczba_sum
6674;Kotłownia_status
6673;R01.3_pwr
6673;Osw_liczba_sum
6673;Kotłownia_status
6657;R01.8_pwr
6657;Osw_liczba_sum
6658;R01.8_pwr
6658;Osw_liczba_sum
6660;Osw_liczba_sum
6661;Osw_liczba_sum
6662;Osw_liczba_sum
7684;R01.8_pwr
7685;R01.8_pwr
7686;R01.8_pwr
6659;R01.8_pwr
6659;Osw_liczba_sum
6680;R01.5_pwr
6680;Osw_liczba_sum
6680;Piwnica_status
6676;R01.4_pwr
6676;Osw_liczba_sum
6675;R01.4_pwr
6150;R0.1_pwr
6150;Osw_liczba_sum
6150;Hall_0p_status
6153;Osw_liczba_sum
6153;Hall_0p_status
7177;R0.1_pwr
6151;Osw_liczba_sum
6151;Hall_0p_status
7175;R0.1_pwr
6155;Osw_liczba_sum
7179;R0.2_pwr
6156;Osw_liczba_sum
7180;R0.2_pwr
6157;Osw_liczba_sum
7181;R0.2_pwr
6158;R0.2_pwr
6158;Osw_liczba_sum
6159;Osw_liczba_sum
7183;R0.2_pwr
6145;Osw_liczba_sum
7169;R0.3_pwr
6146;Osw_liczba_sum
7170;R0.3_pwr
6147;Osw_liczba_sum
7171;R0.3_pwr
6167;Osw_liczba_sum
7191;R0.3_pwr
6168;Osw_liczba_sum
7192;R0.5_pwr
6170;Osw_liczba_sum
7194;R0.5_pwr
6171;Osw_liczba_sum
7195;R0.5_pwr
6152;Osw_liczba_sum
6152;Hall_0p_status
7176;R0.5_pwr
6182;Osw_liczba_sum
6183;Osw_liczba_sum
7206;R0.6_pwr
7207;R0.6_pwr
6184;Osw_liczba_sum
6175;Osw_liczba_sum
7199;R0.8_pwr
6176;Osw_liczba_sum
7200;R0.8_pwr
6177;Osw_liczba_sum
7201;R0.8_pwr
6178;Osw_liczba_sum
7202;R0.8_pwr
6187;Osw_liczba_sum
6187;Komunikacja_0p_status
7211;R0.9_pwr
6190;R0.9_pwr
6190;Osw_liczba_sum
6190;Komunikacja_0p_status
6192;R0.9_pwr
6192;Osw_liczba_sum
6192;Komunikacja_0p_status
6189;R0.9_pwr
6189;Osw_liczba_sum
6189;Komunikacja_0p_status
6164;R0.4_pwr
6164;Osw_liczba_sum
6164;Łazienka_obok_windy_status
6165;R0.4_pwr
6165;Osw_liczba_sum
6165;Łazienka_obok_windy_status
6419;Osw_liczba_sum
6419;Piętro_status
7443;R1.10_pwr
6422;Osw_liczba_sum
7446;R1.8_pwr
6423;Osw_liczba_sum
7447;R1.8_pwr
6420;Osw_liczba_sum
7444;R1.8_pwr
6421;Osw_liczba_sum
7445;R1.8_pwr
6432;Osw_liczba_sum
7456;R1.7_pwr
6434;Osw_liczba_sum
7458;R1.7_pwr
6433;Osw_liczba_sum
7457;R1.7_pwr
6435;Osw_liczba_sum
7459;R1.7_pwr
6426;R1.11_pwr
6426;Osw_liczba_sum
6424;R1.11_pwr
6424;Osw_liczba_sum
6425;R1.11_pwr
6425;Osw_liczba_sum
6439;Osw_liczba_sum
7463;R1.9_pwr
6440;R1.9_pwr
6440;Osw_liczba_sum
6441;R1.9_pwr
6441;Osw_liczba_sum
6456;Osw_liczba_sum
7480;R1.2_pwr
6455;Osw_liczba_sum
7479;R1.2_pwr
6454;Osw_liczba_sum
7478;R1.2_pwr
6408;Osw_liczba_sum
7432;R1.3_pwr
6404;Osw_liczba_sum
6405;Osw_liczba_sum
7428;R1.3_pwr
6406;Osw_liczba_sum
6407;Osw_liczba_sum
7430;R1.3_pwr
6409;Osw_liczba_sum
7433;R1.3_pwr
6410;Osw_liczba_sum
7434;R1.3_pwr
6443;R1.4_pwr
6443;Osw_liczba_sum
6444;Osw_liczba_sum
7468;R1.4_pwr
6445;Osw_liczba_sum
7469;R1.4_pwr
6447;R1.4_pwr
6447;Osw_liczba_sum
6446;Osw_liczba_sum
7470;R1.4_pwr
6400;Osw_liczba_sum
7424;R1.6_pwr
6401;Osw_liczba_sum
7425;R1.6_pwr
6402;Osw_liczba_sum
7426;R1.6_pwr
6664;R01.1_pwr
6664;Osw_liczba_sum
6681;R01.9_pwr
6681;Osw_liczba_sum
6683;Osw_liczba_sum
665;Satel
664;Satel
666;Satel
668;Satel
667;Satel
669;Satel
670;Satel
671;Satel
672;Satel
673;Satel
674;Satel
675;Satel
676;Satel
677;Satel
678;Satel
679;Satel
6161;Parter_status
3163;Satel
3164;Satel
3165;Satel
3166;Satel
3167;Satel
3168;Satel
3169;Satel
3170;Satel
3171;Satel
3172;Satel
562;Satel
561;Satel
564;Satel
565;Satel
569;Satel
572;Satel
3236;Pogoda
3235;Pogoda
528;Satel
528;Obecnosc
529;Satel
529;Obecnosc
530;Satel
530;Obecnosc
531;Satel
531;Obecnosc
532;Satel
532;Obecnosc
533;Satel
533;Obecnosc
534;Satel
534;Obecnosc
535;Satel
535;Obecnosc
542;Satel
542;Obecnosc
543;Satel
543;Obecnosc
544;Satel
544;Obecnosc
545;Satel
545;Obecnosc
546;Satel
546;Obecnosc
547;Satel
547;Obecnosc
548;Satel
548;Obecnosc
549;Satel
549;Obecnosc
550;Satel
550;Obecnosc
551;Satel
551;Obecnosc
552;Satel
552;Obecnosc
553;Satel
553;Obecnosc
554;Satel
554;Obecnosc
560;Satel
560;Obecnosc
3452;Satel
6163;R0.7_pwr
6163;Parter_status
3400;Obecnosc
512;Satel
512;Obecnosc
611;Satel
611;Ogrod
612;Satel
612;Ogrod
613;Satel
613;Ogrod
614;Satel
614;Ogrod
608;Satel
608;Obecnosc
608;Ogrod
3368;Obecnosc
1;Obecnosc
3436;Obecnosc
3154;Winda_monitor
3153;Winda_monitor
762;Satel
762;Winda_monitor
3073;Winda_monitor
3148;Winda_monitor
3587;hvac
2899;hvac
2817;hvac
2820;hvac
2826;hvac
2829;hvac
2832;hvac
2835;hvac
2838;hvac
2841;hvac
2847;hvac
2850;hvac
2853;hvac
3584;hvac
3586;hvac
3589;hvac
3591;hvac
3594;hvac
3595;hvac
3597;hvac
3600;hvac
2823;hvac
8961;hvac
8981;hvac
9001;hvac
9021;hvac
9217;hvac
9237;hvac
9357;hvac
9377;hvac
9297;hvac
9317;hvac
8213;Wizualizacja
8213;hvac
8215;Wizualizacja
8215;hvac
8214;Wizualizacja
8214;hvac
8203;Wizualizacja
8203;hvac
8204;Wizualizacja
8204;hvac
8205;Wizualizacja
8205;hvac
3599;hvac
3059;hvac
9041;hvac
3601;hvac
9257;hvac
2844;hvac
9337;hvac
3598;hvac
3602;hvac
2885;hvac
2886;hvac
11289;F1_pwr
6415;Osw_liczba_sum
6416;Osw_liczba_sum
6417;Osw_liczba_sum
7439;R1.1_pwr
7440;R1.1_pwr
7441;R1.1_pwr
3592;hvac
8973;to_fanlevel
8973;hvac
8993;to_fanlevel
8993;hvac
9013;to_fanlevel
9013;hvac
9033;to_fanlevel
9033;hvac
9053;to_fanlevel
9053;hvac
9229;to_fanlevel
9229;hvac
9249;to_fanlevel
9249;hvac
9269;to_fanlevel
9269;hvac
9309;to_fanlevel
9309;hvac
9329;to_fanlevel
9329;hvac
9369;to_fanlevel
9369;hvac
8716;to_setpoint
8716;hvac_com
8972;to_setpoint
8972;hvac_com
8992;to_setpoint
8992;hvac_com
9012;to_setpoint
9012;hvac_com
9032;to_setpoint
9032;hvac_com
9052;to_setpoint
9052;hvac_com
9228;to_setpoint
9228;hvac_com
9248;to_setpoint
9248;hvac_com
9268;to_setpoint
9268;hvac_com
9308;to_setpoint
9308;hvac_com
9328;to_setpoint
9328;hvac_com
9348;to_setpoint
9348;hvac_com
9368;to_setpoint
9368;hvac_com
9388;to_setpoint
9388;hvac_com
10820;to_setpoint
10820;hvac_com
10838;to_setpoint
10838;hvac_com
8968;hvac_com
8988;hvac_com
9008;hvac_com
9028;hvac_com
9048;hvac_com
9264;hvac_com
9324;hvac_com
9384;hvac_com
9364;hvac_com
9304;hvac_com
9244;hvac_com
9224;hvac_com
9389;to_fanlevel
9389;hvac
9349;to_fanlevel
9349;hvac
9344;hvac_com
4896;voltage_monitor
4897;voltage_monitor
4898;voltage_monitor
4899;voltage_monitor
4900;voltage_monitor
4901;voltage_monitor
4902;voltage_monitor
14553;Jadalnia_Rnp_Kuchnia_ms_or
3588;hvac
65822;magistrala_knx
65823;magistrala_knx
65824;magistrala_knx
65825;magistrala_knx
14432;Kuchnia_rolety_naOknach_avg
14482;Jadalnia_Rn_przyKuchni_avg
14492;Jadalnia_Rn_przyKuchni_avg
14493;Jadalnia_Rnp_Kuchnia_ms_or
14483;Jadalnia_Rnp_Kuchnia_ms_or
4895;voltage_monitor
2919;hvac
2919;hvac_mode
2921;hvac
2921;hvac_mode
2923;hvac
2923;hvac_mode
2925;hvac
2925;hvac_mode
2927;hvac
2927;hvac_mode
2931;hvac
2931;hvac_mode
2933;hvac
2933;hvac_mode
2935;hvac
2935;hvac_mode
2937;hvac
2937;hvac_mode
2939;hvac
2939;hvac_mode
2941;hvac
2941;hvac_mode
2943;hvac
2943;hvac_mode
2949;hvac
2949;hvac_mode
2951;hvac
2951;hvac_mode
2954;hvac
2954;hvac_mode
8706;hvac
8706;hvac_setpoint
8963;hvac
8963;hvac_setpoint
8983;hvac
8983;hvac_setpoint
9003;hvac
9003;hvac_setpoint
9023;hvac
9023;hvac_setpoint
9043;hvac
9043;hvac_setpoint
9219;hvac
9219;hvac_setpoint
9239;hvac
9239;hvac_setpoint
9259;hvac
9259;hvac_setpoint
9299;hvac
9299;hvac_setpoint
9319;hvac
9319;hvac_setpoint
9339;hvac
9339;hvac_setpoint
9359;hvac
9359;hvac_setpoint
9379;hvac
9379;hvac_setpoint
10823;hvac
10823;hvac_setpoint
10841;hvac
10841;hvac_setpoint
2948;hvac
2948;hvac_on
2950;hvac
2950;hvac_on
2952;hvac
2952;hvac_on
2953;hvac
2953;hvac_on
2955;hvac
2955;hvac_on
2956;hvac
2956;hvac_on
2957;hvac
2957;hvac_on
2958;hvac
2958;hvac_on
2959;hvac
2959;hvac_on
2960;hvac
2960;hvac_on
2961;hvac
2961;hvac_on
2962;hvac
2962;hvac_on
2963;hvac
2963;hvac_on
2964;hvac
2964;hvac_on
2965;hvac
2965;hvac_on
2966;hvac
2966;hvac_on
14338;weather-alarm
14338;frost-alarm1
14337;weather-alarm
14337;rain-alarm1
14336;weather-alarm
14336;wind-alarm1
11008;ARR
11008;read-flag
11009;ARR
11009;read-flag
11010;ARR
11010;read-flag
11011;ARR
11011;read-flag
11013;ARR
11013;read-flag
11014;ARR
11014;read-flag
11016;ARR
11016;read-flag
11017;ARR
11017;read-flag
11018;ARR
11018;read-flag
11019;ARR
11019;read-flag
11020;ARR
11020;read-flag
11021;ARR
11021;read-flag
11022;ARR
11022;read-flag
11023;ARR
11023;read-flag
11024;ARR
11024;read-flag
11025;ARR
11025;read-flag
11026;ARR
11026;read-flag
11027;ARR
11027;read-flag
11028;ARR
11028;read-flag
11029;ARR
11029;read-flag
11030;ARR
11030;read-flag
11031;ARR
11031;read-flag
11032;ARR
11032;read-flag
11033;ARR
11033;read-flag
11034;ARR
11034;read-flag
11035;ARR
11035;read-flag
11036;ARR
11036;read-flag
11037;ARR
11037;read-flag
11038;ARR
11038;read-flag
11039;ARR
11039;read-flag
11040;ARR
11040;read-flag
11041;ARR
11041;read-flag
11048;ARR
11048;read-flag
11049;ARR
11049;read-flag
11050;ARR
11050;read-flag
11051;ARR
11051;read-flag
11052;ARR
11052;read-flag
11053;ARR
11053;read-flag
11054;ARR
11054;read-flag
11055;ARR
11055;read-flag
11056;ARR
11056;read-flag
11057;ARR
11057;read-flag
11058;ARR
11058;read-flag
11059;ARR
11059;read-flag
11060;ARR
11060;read-flag
11061;ARR
11061;read-flag
11062;ARR
11062;read-flag
11063;ARR
11063;read-flag
11064;ARR
11064;read-flag
11065;ARR
11065;read-flag
11066;ARR
11066;read-flag
11067;ARR
11067;read-flag
11068;ARR
11068;read-flag
11069;ARR
11069;read-flag
11070;ARR
11070;read-flag
11071;ARR
11071;read-flag
11108;ARR
11108;read-flag
11109;ARR
11109;read-flag
11110;ARR
11110;read-flag
11111;ARR
11111;read-flag
11112;ARR
11112;read-flag
11113;ARR
11113;read-flag
11114;ARR
11114;read-flag
11115;ARR
11115;read-flag
11116;ARR
11116;read-flag
11117;ARR
11117;read-flag
11118;ARR
11118;read-flag
11119;ARR
11119;read-flag
11120;ARR
11120;read-flag
11121;ARR
11121;read-flag
11122;ARR
11122;read-flag
11123;ARR
11123;read-flag
11124;ARR
11124;read-flag
11125;ARR
11125;read-flag
11126;ARR
11126;read-flag
11127;ARR
11127;read-flag
11128;ARR
11128;read-flag
11129;ARR
11129;read-flag
11130;ARR
11130;read-flag
11131;ARR
11131;read-flag
11249;ARR
11249;read-flag
11250;ARR
11250;read-flag
11251;ARR
11251;read-flag
11252;ARR
11252;read-flag
11263;ARR
11263;read-flag
2929;hvac
2929;hvac_mode
14894;Oranżeria dach E_Rz_avg
14904;Oranżeria dach E_Rz_avg
14914;Oranżeria dach E_Rz_avg
14924;Oranżeria dach E_Rz_avg
14934;Oranżeria dach W_Rz_avg
14944;Oranżeria dach W_Rz_avg
14954;Oranżeria dach W_Rz_avg
14964;Oranżeria dach W_Rz_avg
3031;ac
3032;ac
3033;ac
3034;ac
3035;ac
3036;ac
3037;ac
3038;ac
3040;ac
3042;ac
3043;ac
3046;ac
3047;ac
3048;ac
3585;hvac
3585;ac
4358;ARR
4358;ac
3596;hvac
3596;ac
3074;ac
3041;ac
3044;ac
3045;ac
3039;ac
3049;ac
3075;ac
3077;ac
4395;Pogoda
4395;Internet
4395;ac
3050;ac
3051;ac
66461;traccar_json
66462;traccar_inhome
66463;traccar_connected
15304;Gabinet_Sz_ms_or
15305;Gabinet_Sz_ms_or
15311;Gabinet_P_ms_or
15312;Gabinet_P_ms_or
15313;Kuchnia_ms_or
14423;Kuchnia_ms_or
14583;Jadalnia_ms_or
15315;Jadalnia_ms_or
15308;Jadalnia_ms_or
15306;Salon_ms_or
15307;Salon_ms_or
15309;Sypialnia_ms_or
15310;Sypialnia_ms_or
15314;Muzyczny_ms_or
14789;Muzyczny_ms_or
14855;Goscinny_1_ms_or
14865;Goscinny_1_ms_or
14829;Goscinny_Aneks_ms_or
14839;Goscinny_Aneks_ms_or
2632;to_somfy
2633;to_somfy
2635;to_somfy
2636;to_somfy
2638;to_somfy
2639;to_somfy
2675;to_somfy
2740;to_somfy
2741;to_somfy
2626;to_somfy
2627;to_somfy
2674;to_somfy
2676;to_somfy
2707;to_somfy
2721;to_somfy
2739;to_somfy
2759;to_somfy
2657;to_somfy
2656;to_somfy
2660;to_somfy
2661;to_somfy
2664;to_somfy
2665;to_somfy
2668;to_somfy
2669;to_somfy
2658;to_somfy
2659;to_somfy
2662;to_somfy
2663;to_somfy
2666;to_somfy
2667;to_somfy
2670;to_somfy
2671;to_somfy
2715;to_somfy
2716;to_somfy
2717;to_somfy
2630;to_somfy
2629;to_somfy
2624;to_somfy
2623;to_somfy
2944;read-flag
2944;hvac
3262;refresh
3264;refresh
8715;hvac_com
8715;to_delta_setpoint
8971;hvac_com
8971;to_delta_setpoint
8991;hvac_com
8991;to_delta_setpoint
9011;hvac_com
9011;to_delta_setpoint
9031;hvac_com
9031;to_delta_setpoint
9051;hvac_com
9051;to_delta_setpoint
9227;hvac_com
9227;to_delta_setpoint
9247;hvac_com
9247;to_delta_setpoint
9267;hvac_com
9267;to_delta_setpoint
9307;hvac_com
9307;to_delta_setpoint
9327;hvac_com
9327;to_delta_setpoint
9347;hvac_com
9347;to_delta_setpoint
9367;hvac_com
9367;to_delta_setpoint
9387;hvac_com
9387;to_delta_setpoint
10819;hvac_com
10819;to_delta_setpoint
10837;hvac_com
10837;to_delta_setpoint
8456;fan_valves_st
8455;fan_valves_cmd
8457;fan_valves_cmd
8458;fan_valves_st
8459;fan_valves_cmd
8460;fan_valves_st
8483;fan_valves_cmd
8484;fan_valves_st
8482;fan_valves_st
8481;fan_valves_cmd
8480;fan_valves_st
8479;fan_valves_cmd
8478;fan_valves_st
8477;fan_valves_cmd
8476;fan_valves_st
8475;fan_valves_cmd
8474;fan_valves_st
8473;fan_valves_cmd
8472;fan_valves_st
8471;fan_valves_cmd
8470;fan_valves_st
8469;fan_valves_cmd
8468;fan_valves_st
8467;fan_valves_cmd
8463;fan_valves_cmd
8464;fan_valves_st
2818;to_valve
2821;to_valve
2824;to_valve
2827;to_valve
2830;to_valve
2833;to_valve
2836;to_valve
2839;to_valve
2842;to_valve
2845;to_valve
2848;to_valve
2851;to_valve
2854;to_valve
2876;to_valve
2882;to_valve
2901;to_valve
3060;to_valve
3061;to_valve
2816;to_valve
2819;to_valve
2822;to_valve
2825;to_valve
2828;to_valve
2831;to_valve
2834;to_valve
2837;to_valve
2840;to_valve
2843;to_valve
2846;to_valve
2849;to_valve
2852;to_valve
2877;to_valve
2880;to_valve
2900;to_valve
8485;fan_valves_cmd
8486;fan_valves_st
8462;fan_valves_st
8461;fan_valves_cmd
8465;fan_valves_cmd
8466;fan_valves_st
2897;hvac
2897;pwm-50
2895;hvac
2895;pwm-50
2896;hvac
2896;pwm-50
11015;ARR
11015;read-flag
29028;hvac_comforttouch
29284;hvac_comforttouch
29055;hvac_comforttouch
29311;hvac_comforttouch
3280;hvac_comforttouch
3135;hvac_comforttouch
3136;hvac_comforttouch
3139;hvac_comforttouch
3283;hvac_comforttouch
3285;hvac_comforttouch
3144;hvac_comforttouch
3122;hvac_comforttouch
3123;hvac_comforttouch
3126;hvac_comforttouch
3131;hvac_comforttouch
3287;hvac_comforttouch
3290;hvac_comforttouch
3292;hvac_comforttouch
29029;hvac_comforttouch
29030;hvac_comforttouch
29038;hvac_comforttouch
29072;hvac_comforttouch
29097;hvac_comforttouch
29285;hvac_comforttouch
29286;hvac_comforttouch
29294;hvac_comforttouch
29328;hvac_comforttouch
29353;hvac_comforttouch
3243;hvac_comforttouch
3246;hvac_comforttouch
3247;hvac_comforttouch
3244;hvac_comforttouch
3245;hvac_comforttouch
3253;hvac_comforttouch
3256;hvac_comforttouch
3257;hvac_comforttouch
3254;hvac_comforttouch
3255;hvac_comforttouch
65842;schedulers
65843;schedulers
65844;schedulers
65845;schedulers
65846;schedulers
65847;schedulers
65848;schedulers
65849;schedulers
65850;schedulers
65851;schedulers
11012;ARR
11012;read-flag
12589;fan-24v
12591;fan-24v
12593;fan-24v
12595;fan-24v
12597;fan-24v
12599;fan-24v
12601;fan-24v
650;Satel
650;Obecnosc
